year,10032000,10137500,10174500,10259000,10263000,10263500,10293000,10312000,10315500,10316500,10329500,10337500,10344400,10346000,11012500,11043000,11046000,11051500,11051501,11055800,11063680,11113500,11119500,11124500,11140000,11152500,11156500,11160500,11169500,11182500,11186001,11208000,11230500,11237500,11266500,11274500,11292000,11296500,11315000,11318500,11335000,11368000,11374000,11413000,11439500,11439501,11468500,11476500,11520500,11522500,11532500,12010000,12020000,12025000,12048000,12056500,12115000,12115500,12134500,12167000,12189500,12329500,12431000,12459000,13082500,13112000,13148500,13181000,13185000,13200000,13235000,13246000,14020000,14091500,14113000,14123500,14137000,14141500,14145500,14159500,14169000,14209500,14222500,14226500,14301000,14301500,14305500,14306500,14309000,14338000,5017500,6062500,6089000,6120500,6207500,6635000,7215500,8263500,8265000,8289000,8378500,9024000,9032000,9059500,9143500,9165000,9188500,9255000,9260000,9277500,9292500,9304500,9330500,9372000,9444000,9504500
1980,1420.7652903370347,1274.2095913833232,617.2543464020104,437.8071641911058,241.93290625216832,434.2967013481923,816.2637912447676,863.6976453957302,460.821587248505,1103.9841532001767,708.6289827944955,1962.1657760632552,2109.3437631390952,2032.2369472843666,718.2362576086052,450.01448689786264,539.0541039455901,915.7112501294903,915.7112501294903,819.9257766219753,712.7214455297467,618.844045155636,576.3033923099907,594.3540272119924,501.81569121981664,492.43125418049067,574.8613726875914,1256.0313069133301,926.7696477437954,1033.201780070965,1258.0086316904444,2041.1802103241946,1462.3969925074157,2069.2162986124,2283.014173883035,617.7861399449204,2835.613965136234,2953.9916783203366,3506.1611193242743,2684.9973110103497,2444.545660702595,2268.9278249317954,1622.69053578986,3786.6066848833993,3198.3477290549604,3198.3477290549604,2035.3248101795316,2658.581873255315,1216.4005502468788,2531.485010136027,3822.7244052470314,2406.6328613417445,1988.028210372326,1705.9883065617291,1574.3782318421502,3587.632015147782,3134.2291518607544,3083.5351264601054,3593.1708536112073,2838.704547693611,3636.0611022602334,627.6567769680993,539.215853728928,2053.245080997088,328.36211661594325,601.7701733886009,979.4455034106363,512.1167836701836,1504.721268570196,1068.586037935714,1756.0473521625515,1518.0871971946963,1796.4915640880668,2579.4766320014405,1254.419369356422,2196.3487624829427,3228.803861326165,3084.720572220528,2680.115790379636,2974.5162429963675,1213.9903860614559,2793.375595843962,3079.5350430135004,3597.740715221762,1767.7599951269804,2913.4449103077286,2934.08756568776,1864.2331423698004,1414.113241600343,1802.4436561868135,571.8498431823419,626.8125733494444,515.5835511761647,386.46882134702605,499.894509686567,331.2871379647338,363.9314218878798,352.7064877731379,485.94553191271444,441.4217881725864,576.1297900290309,751.946813462527,862.7901815084527,933.2841866613378,1008.3297069570742,1141.6268320625147,1240.3727363303442,769.8592370569861,406.0833345963207,994.7541664735028,695.7689762543131,936.562046783794,861.3021459975729,370.17245601893075,315.37707684958286,890.2352450387313
1981,1373.8866584328212,1468.6225471345128,494.75079277572866,237.1649391703221,128.58595295229597,321.1750494946466,542.5278716049314,530.9683594584394,391.458370052829,1202.7152451088825,645.1107825904451,1322.6408302706714,1348.549182802536,1349.474953131497,334.02855486637566,206.45903198497956,277.10970947856123,588.0951494177011,588.0951494177011,497.79496776715763,436.4400640336946,412.42030027940194,410.47504813644576,494.97354317776654,474.21021099296007,424.25956492839816,584.6187718007848,1301.8238899294106,920.7682657399603,1069.8847405462602,934.243168037647,1500.697515005195,1220.0311488616862,1563.747186672827,1840.2556694658429,586.6045929370988,2101.17585375099,2195.9608837282585,2730.70698681527,2151.223628711942,1978.3906841873527,2669.580858129945,1613.3302544357873,3121.6805388934454,2499.125710874735,2499.125710874735,2254.520285969824,2722.33539629731,1265.2973501537945,2682.925959322965,4654.717035097098,3215.6514979851195,2744.460101539312,2102.4742705067297,1817.5181087894782,4520.486043814016,3483.063432379388,3430.0077083003353,4099.64971862343,3080.789195695293,4174.360072418544,662.7592168304217,730.5217602824083,2409.553419790645,324.8807156835837,549.5465237957202,757.0565043793808,495.37463649162214,1586.9601120494897,1243.7319172081645,1856.1915972697382,1715.735176105599,2063.9199577259706,3003.7820725086954,1540.4981226284692,2660.465813992417,3955.2491995563746,3908.9331580024364,3211.7920682198237,3655.3756916299417,1663.6750917065883,3400.246304251609,4015.245220795065,4397.156298240585,2380.784655486275,3763.883446670032,3880.852280143004,2613.9713802237734,1688.326312439303,2269.5223792098263,631.5623163393418,600.111262242999,528.7232095103546,403.7180732458433,535.7398136863651,319.08026138005886,495.92274986287003,411.08526353071335,567.1541636020772,428.74661965662125,660.1635832939961,844.8775330068697,917.5480058509077,966.4316230252051,918.7809264182183,1048.4303699465097,1203.5894576561082,779.505582978724,404.00268792380086,950.6329859474708,652.9579449152902,1008.2538500471387,868.5917827771003,303.2366936301651,306.93334277471473,487.6283771901693
1982,1124.6973125745972,1226.7271876321936,558.0835908471873,252.46280752742788,163.00771557897463,496.20054824672513,477.9816823887492,455.3163562784558,394.21944376217397,1058.5633481051545,653.1640317648346,981.9530360541033,1026.3086766005372,1012.5852087175462,430.7309111523551,312.0950138833861,381.97944345651484,773.2164467647133,773.2164467647133,739.8474408202959,644.1430563758072,511.5076124387338,507.17710735258777,588.3935621349083,500.3946756798798,400.68628377027704,498.9615772358795,797.6276478291967,547.4415417877005,644.7493949568998,997.1627134529875,1506.8709491948127,1104.2374192013906,1477.4163255189544,1575.672267601607,445.18461423208186,1737.4502377839744,1848.4636638391842,2164.3752729916373,1680.1751426625844,1440.4297064632879,1941.7676611717948,1366.3113980108137,2324.9225685796646,1920.001351171463,1920.001351171463,1694.2793569367366,2174.7595345095774,1114.8908229023907,2333.7920176764223,4019.1774910688705,2466.399336463163,1888.3318340977557,1660.1359002860581,1215.3698737504542,3218.8075157057065,2708.4705064172035,2717.7207083648627,3095.19559999956,2435.0099929126604,3057.281115806821,713.1383758864071,546.8631843560554,1734.5161575355776,436.838740134392,530.2946091056765,571.7307744600025,597.9508666323385,1369.6174679686699,1166.375194046126,1545.517255958675,1369.1635953611935,1749.5219748660818,2257.5912497380878,1066.9214339189155,1910.8605659257598,3184.6705569064784,3242.7223601607157,2810.8124423001404,3212.5885872584886,1425.2580526832216,2489.715393315517,3257.79330715221,3144.29887552506,1655.1981223641003,2835.4962456816397,3048.209809963148,2066.8527358298347,1570.5188352182488,2079.4853356271133,429.2170394523249,777.3901594909329,520.4133684520657,510.4041032958427,635.7913072022171,409.4191434934573,415.43083952728847,347.91068728283557,525.8093547228815,370.6893433872398,696.9328463656467,863.36916300439,981.7382850303571,875.7237399650473,928.3475440875276,1025.3369921465176,1070.327548275599,752.598294431335,432.8209749870573,793.0393885229618,605.3839738301311,983.4629330274172,838.8583318909069,366.97569177160904,315.20707744868,770.9783107607254
1983,1333.78527725257,1144.5824585857204,359.42662619696665,181.93230391728807,99.99467782736534,172.9646472139169,430.50037503848245,417.30713623147665,359.7210434650896,1080.9489847657985,610.2406713922846,916.9980153242316,866.9435457748901,902.5004730452116,194.91137461555016,146.69060577851195,158.3676675756417,328.3312733527694,328.3312733527694,318.5429040947377,268.5926161556133,145.10380626263418,164.54086444544126,227.38777668147728,244.60439334697242,206.1058323458634,258.7689264856328,604.7933327825281,399.0940817671764,546.0595690954806,684.9442866553406,998.8769751993826,946.1988758512342,1027.9654747732664,1266.652786801898,268.1190312742085,1472.7330830086432,1557.5942193254775,1893.1997793260732,1339.7724989274886,1237.323422886072,1801.6658507229747,1340.6997183821304,2031.675730524261,1753.9364162078082,1753.9364162078082,1613.2921386879204,2040.1145248409953,1132.9862849105398,2283.2869639640157,3863.9145956235016,3861.1687765772604,3191.845674895936,2650.7949455770017,1960.43542003119,5218.804232383793,4699.632709991767,4681.743582239399,5117.887390203914,4141.873082347594,5141.051840227065,821.0672030309207,916.6268162247924,2863.744054200832,378.04806640554557,589.9856991498488,615.9969495005286,562.4113163760428,1591.1475136861088,1315.2005216617938,1836.1050214985153,1764.2436885282214,2897.097032250439,2895.5266357680916,1550.686435746545,2759.960992374468,4544.464157252663,4574.571845040357,3094.8828286247604,3723.3209329683195,1537.828310545539,3514.7661658422344,4644.9521988906245,5195.544601821206,2646.73642460659,4374.329807911938,4389.330611600431,2717.033371026589,1611.7751629889483,2145.0661032468824,615.6853617501382,825.5489354025599,714.1538107860207,539.4038428912085,569.8380971579431,326.8189298953645,391.0472253978533,295.95698276994653,384.3794080926292,323.4802032615925,516.4696598156653,1070.4412666093594,1166.8777149221553,979.9164120846176,770.457899249245,823.923729435827,1144.1751001746898,728.4950949850248,355.0896552618942,693.1960933063336,557.2620650470443,1036.39763503811,738.6519124588106,276.4273428313158,219.04261370070745,287.054958114035
1984,1116.7469498204878,939.4603095445723,615.9553222846255,347.6040884779302,265.9329879871563,525.9247544211406,545.662497260477,547.0921397835486,419.93911044242327,952.3427828224483,563.9699034266573,909.8622150174307,1015.0679773075208,955.5842976640272,552.9634797340692,498.0242501850753,575.7830694713925,817.8109254468653,817.8109254468653,898.1951932462612,747.3721055442668,783.3376652137423,887.6437372691449,1007.3738428607428,831.9396901430646,591.3468464204806,667.2129458610085,1244.9550808770164,896.4614327377327,825.8317230362485,1035.760546279748,1646.627396313914,1043.1493692403797,1572.3248268612613,1490.70757848163,734.7307220386091,1645.6861673504272,1805.6980628571941,1958.875887574619,1626.097902270766,1486.6984029903301,2231.1260367948644,1612.2877230148233,2102.691874763989,1711.6297395734039,1711.6297395734039,1651.9338688543082,1985.5389871210805,1043.0444563292144,2004.1625051821934,3271.4531368691883,2889.173300575063,2277.267591555416,1892.7075767004008,1643.231633899202,4180.555414234765,2985.8335012364955,3039.9980640556273,3486.508949190564,2781.635405758475,3428.699599400953,621.2662423131802,660.3502867900528,2019.6322450973396,378.42365530488394,522.5609266599606,595.8527504661965,542.5450066356677,1268.9871205687082,1053.0973064561124,1439.7465343233312,1280.3310974268206,1605.8978938955404,2124.1472029514935,1319.7266639331517,2089.5659582556486,2877.2957984764425,3124.781399559385,2423.44527742319,2719.981462561845,1304.380457715812,2345.1367916385234,3170.394416456387,3468.0058152682404,1852.7214555484172,2963.9394063399754,3033.121099718811,1946.7421782294882,1485.9808641658412,1828.8328339838451,392.7242798447254,584.1621653863566,440.3684692901872,399.8638746386891,536.2854921761034,406.89969557597027,477.38361154289015,397.4715365825052,512.0558154682685,408.9499048092213,661.0168897418433,1069.5344190362005,1150.6440289698617,946.3733579159432,938.3159464267816,958.0495031044417,977.4029818854781,779.2795821888405,413.38711832053764,762.621063935859,705.5387234229856,1104.2828439724947,814.3845913431068,425.3000776882408,458.0710083317676,730.4378755951326
1985,1256.8415690550162,1258.8593107239703,583.3499549435586,384.85432094640475,299.2608721874419,691.8355050058657,771.1638665686258,760.1888498213573,500.54210966284563,1076.3046482479544,687.8653521615056,1458.1733601995718,1585.3071304824987,1511.3462650547972,609.2303350616395,514.8018100722645,601.603970383125,974.5226866306873,974.5226866306873,1037.700407642147,956.9339971596231,1014.1888321181016,985.1283850774798,1196.3754116931918,919.4090752573995,882.9797016852831,1081.4373850242894,1581.6424049288478,1191.709234194652,1209.2806103904531,1492.9669898435072,2533.5055876589227,1746.5299412319825,2773.2095352491974,2528.8426057412103,997.9437242562251,2785.1728067419012,2976.5133379275076,3134.910810703645,2695.2040090622586,2307.868880402731,2806.5666834211684,2132.200403307684,3444.6295466350684,2708.1749781825297,2708.1749781825297,2309.5635791916793,2743.46393750743,1204.3059306418654,2481.0319787542167,3897.844568444228,2970.4710166532072,2333.99834591788,1972.6468008310515,1708.962937001911,4305.355911075783,3064.7421795058513,3109.2010158826083,3670.1892304393477,3068.553666044249,3678.4669447873957,651.265306337091,685.5927874923398,2147.0663063842585,376.55286079675744,548.1963169124892,697.6303426460071,549.3104754671351,1330.1310061175072,1072.3829912384258,1588.480220144768,1433.632052259829,1797.1823791597494,2136.8922927662406,1254.8243951792715,2019.699154365335,2784.1548474323754,2985.3137226034673,2544.1116125722074,2747.353268787406,1305.6070438401282,2324.1167660443334,3175.395610020714,3459.5397456995183,1837.1138249534097,2901.239113756455,2893.076188864608,1855.3453490836293,1508.197666135557,1947.2116196662328,426.07227338785106,696.549721490079,481.72762995802503,434.1409198210263,572.9587792477204,326.2493190235294,440.3227630000585,340.760710157457,474.24153688036205,392.3614318898548,671.2072321949089,795.328112248923,904.4635267762983,854.2170659221574,807.252500092874,961.0620741794359,1183.534519729025,749.1486601455409,423.92088199955,828.7270021016172,752.4471171546024,957.5048399576386,745.9212164583554,373.7633306877995,434.35380372230804,708.527405948014
1986,1075.503089842349,1072.2769330747062,765.5677289724373,695.4677131618902,499.47155629680617,1229.1504006839466,772.6473437019848,768.5003143070016,425.2087027962626,962.4034032564097,584.8148013403945,1321.1410922394443,1308.9188188788776,1320.3197041828912,778.1847679857781,832.6398846929193,910.273960712346,1654.4503527266395,1654.4503527266395,1659.0390502926657,1649.4205840344005,1586.4804859415328,1573.5358003152335,1565.8367708310536,1057.7850383342438,848.7835561580497,1073.7352904870475,1571.5216304895255,1051.100854766131,1060.693011300847,1713.3559366432778,2665.4051804681208,1781.2626864667902,2754.4752245850973,2429.1882651137003,1036.2566751164816,2722.1342622439743,2873.9500588271258,3129.481288136825,2624.2987343327227,2159.471614742409,1982.7089992173692,1524.7637666642322,2420.272861012311,2586.2624660862466,2586.2624660862466,1596.1213453894322,1794.6547673932164,861.6034864992057,1738.826552797338,2474.2499680486426,1851.8695497204365,1432.9899513670678,1187.9634501460453,1160.9498995975434,2746.6269311097176,1939.864036059734,1934.7714886236479,2401.192522385972,1722.3677279203464,2375.748890231946,579.0417167158738,475.6827964057807,1368.4099921698437,437.3334835931721,561.193798120911,600.1104569382973,501.6076473374152,981.1748391866579,751.401682693704,1099.1712230683218,981.6321351219927,1299.021830440024,1542.9471173058187,841.5710384288287,1373.8305716475184,2111.5524980936116,2232.9560082355747,1754.5864142851449,2054.816170079347,944.3789803242073,1735.6721426424006,2226.0107439521835,2209.8741648388905,1240.9473811520825,1998.8321622905032,2217.30593610998,1478.4526940177889,1083.31991437252,1405.9537315244627,354.1612633917401,661.7442195356903,442.95230936087205,398.3184127972963,531.5361602580632,393.9010163641453,535.1954737746037,447.64938985542943,641.2892669163007,547.0277501643018,799.9995293484583,919.8349408653953,1013.9708803572865,992.6015866415657,1051.68933792656,1149.1448535214402,946.0167095800641,756.5626573347373,419.27398396065547,868.2965348797111,826.1874908266608,1010.3557083524024,854.6253973003824,500.6919658827913,651.9083120149143,977.7132629517603
1987,1494.3086427226174,1613.1186025071152,768.2068633547353,566.0664799704647,360.8728822480081,792.2113316865683,1199.7030662551515,1110.3378515112288,443.69787244615503,1147.8601418204387,615.7852960071707,1978.6421985414142,1838.1641241265422,1933.3252709558742,850.9988702876161,590.969249756804,765.826169515008,1347.1177268681117,1347.1177268681117,1234.6219852928741,1063.3237322889715,979.715921936502,1009.024317174342,1154.782922741349,933.5763307253757,816.7549666471047,946.7746733678882,1676.2050943241957,1158.6533288562784,1314.7498403512973,2265.852047616743,3124.936375561539,2313.1419569510913,2993.779979376282,3130.5669434318374,890.5602277910605,3331.617162526698,3443.0828030149523,3849.164839524591,3017.561064781813,2419.6217610099743,2401.067770648862,1648.9221614859161,3563.694954656873,3381.4381079862774,3381.4381079862774,2120.339067970236,2527.3035332025765,1234.649187589009,2677.5669196175627,4004.9636117171244,2622.4014178357615,2044.7863517445626,1930.6058558941006,1522.0211234691426,3502.8215320311906,3053.767649289043,3138.301245906482,3456.766946755547,2971.437270576673,3751.363790275872,647.6165599223592,645.6996816486466,1931.0575703713318,400.5710666355729,569.4574544531072,775.4065031580926,469.71005183810837,1382.925763352007,1000.9954429051671,1620.798544775384,1326.940215387055,1599.0093005003785,2577.2743414445126,1321.474625843601,2243.7175992281946,3351.196065590081,3587.222885779762,2783.507082843315,3183.88543941208,1413.1686509234821,2735.7470643223455,3441.520642231993,3561.2563526235376,1815.7403906164175,2996.189685120767,3242.072684748818,2087.3892011118337,1525.2757388234004,1992.0005780373626,484.05676747238886,527.9372388003255,463.1244477526958,354.87985802988834,558.8945477970298,341.8472461789095,522.5451736931324,438.92529412746455,643.8527165666965,587.428129671526,784.2392340844057,941.5142368587815,1047.0685125820532,997.1035322543164,1093.0601548891625,1264.006259784364,1323.3501736284395,809.6506168415606,467.33641048836694,1261.4624570590695,1079.192601246575,1071.8868416152277,1231.7947792674165,450.93850886578423,383.0973980633717,1038.5177610224923
1988,1165.241769608758,1046.4357572137808,655.5290500807866,629.9823085146113,469.0256760812174,953.2510548073917,595.360758332716,606.2787520736335,473.1335324023414,1031.749466573269,649.7926206387164,1008.5141263887035,1108.7160579681909,1052.8197445935882,928.030450219641,877.3966744994234,1000.4839364437836,1492.060209651764,1492.060209651764,1618.244902251574,1472.8870311999412,1340.5554226753957,1220.2812588132597,1206.4451651203597,887.3211778240616,576.1550931297287,651.7696624942076,1060.6934818079071,670.363293349268,773.949283353139,1226.639118739416,2229.6382683071047,1211.767884732985,1955.8438455486207,1790.620586344892,661.1418436780398,1882.6503063535984,2110.274571699839,2249.4867259394023,1855.5972521182728,1605.3969105494612,1960.7918170149646,1558.1121545081978,2373.057129490955,1947.9639461261158,1947.9639461261158,1703.0014492379053,1903.6901430180792,961.5059566246307,1951.6540986391717,3474.5795453520304,2661.6918897659866,2009.5038394202218,1759.9662985267444,1282.0312868788403,3457.6027061332416,2979.6507401421513,3047.070184776768,3389.9672035852277,2675.837639408981,3302.0592484826216,599.5758761265605,594.8955771829706,1864.034009024472,473.92869806817043,567.2141075088714,651.3450406262424,548.0650305984512,1200.0808391006096,995.6982295017509,1376.5857932280642,1325.7520822871802,1782.0659889964445,2234.913273505906,1074.715482238575,1824.2655919130204,2873.712679206756,2916.3681703648394,2472.3800226016583,2880.338312360693,1311.2292809424994,2428.248823195053,3049.8023741573065,3266.4001964703884,1658.1723852000946,2808.5893065697824,3008.6752249746605,2000.554109358103,1416.0776197088055,1849.8343166471639,371.07171251953076,529.7814331166174,462.17847317859184,372.43518129036516,453.7388981822691,329.5358010114661,491.60067318121355,372.6975469223792,597.2080680382844,510.0761360975118,851.6393833257737,772.2749291949171,873.3211929870149,814.9074566006628,970.0395742864288,942.9335016091076,1056.2626107689905,702.6061153354182,425.8092299642868,728.9295795018446,716.2799613231551,858.8475698188942,809.1080673597278,449.22640268619205,487.9320277884884,968.5040979920437
1989,1266.2607852413075,1144.397750547782,681.4982159943766,497.04673263564985,329.81467254293904,779.0557996005907,806.061214828709,765.7392270560116,423.1177272340113,1050.0800542502116,669.4049115951324,1456.7732472043315,1456.142775206859,1460.4883963893897,754.837028762217,601.5851154802431,693.0500950200009,1282.6022876835018,1282.6022876835018,1226.2194639650056,1104.7481406502427,883.6161878117774,819.7901223467333,827.6306713311503,596.7022063472851,508.96275198813504,567.0486551417797,1106.4742054679537,811.4448288570303,800.0677167784719,1269.5178125417797,2111.4128945668726,1460.4967713275998,2070.858785048149,2107.0609302767643,579.5975909996845,2507.839497142992,2528.645025432191,2764.719761717117,2081.278508071877,1795.6781155700567,2268.746859728247,1670.6682208261154,2862.834083323132,2450.2144265962465,2450.2144265962465,1762.8535566442508,2192.6029809733946,1116.5454055194527,2337.7807250905744,3972.1249059011857,3125.9571258041015,2364.265588137906,2046.2598373815074,1825.2940035906984,4431.397441646361,3570.3510034987753,3614.8296619420457,4069.061092542378,3262.3138874226593,4135.774049644593,720.2038337119534,673.6102655839937,2312.741958237342,393.85858587052695,657.4278141651932,764.1326097295657,533.361128997429,1559.1928064564327,1194.743186178533,1849.6662919158778,1646.109172455185,1963.2153654692552,2592.232023444449,1307.1100184240838,2347.309964807807,3646.166568857658,3812.4042905015044,2994.99771180382,3422.5750889369733,1420.4510818551585,2927.317648742013,3912.1516583239904,3988.1303807548347,2039.2794868245803,3419.092357006742,3665.0391958184123,2263.8754969906186,1510.7927463603676,2011.9166924364595,565.2344978049208,719.6601742767149,599.8429541052325,464.1615386043587,586.5319288495467,340.5001180054392,475.26454383806526,351.11761159415266,530.1940852105887,414.6674247095789,692.880947845657,722.3694054908441,865.7050307531217,803.8699075337449,877.1944032380849,907.9424789971722,1280.3155949516129,753.9413162966613,382.2322165586704,758.2100650119007,695.800271419108,925.5102498750786,666.0575758211367,321.00825179431564,455.8504876682819,796.9645785771121
1990,1077.2668132717092,912.9614836937288,670.5890157938874,296.64818676617716,305.08110252785934,598.1530730894824,434.13676776948256,436.36463630927057,335.58446956557464,674.2797135507656,393.6734867111902,696.9997518250542,688.0977536695361,698.72584638812,397.4192058324453,428.87655117151695,481.25187197421064,955.5839558073958,955.5839558073958,985.5609035263985,938.3474343061121,725.2025605302252,640.692083672129,765.9867097591826,511.89002510840925,403.8624042296504,472.01142517469714,592.001986051626,414.5724943179682,507.7582254662017,775.9113612254907,1394.6915164105924,955.1144647179531,1311.6228375396654,1230.4133447579297,357.7921703549925,1410.995166118184,1547.2306683994161,1660.43949844362,1387.0416542696564,1123.5681719736622,1204.4518272980877,929.5692773542555,1435.0313608813556,1369.0768183804064,1369.0768183804064,884.6401555491941,988.2327445659491,637.5865926536026,1135.3412601643024,1684.166251383959,2487.5756475187613,1930.803915281301,1676.2335350681853,1549.35811692143,3855.921674477632,3034.432420389535,3018.972740649186,3709.6002924110935,2973.336262852204,3667.4199659025844,641.5926588061003,490.0461252209002,2012.7651125451384,290.21426424900557,469.94912396443056,429.7080192986344,355.85647729085696,988.0793448112742,762.0598922110319,1152.9072443676775,1031.7885899091386,1437.259683075977,1501.521306582481,851.2398558090821,1553.238937853174,2366.1119159887326,2355.531669627972,1553.122415383273,1885.5990407003264,809.4976579476114,1796.428794161362,2381.020931989196,3184.748293268645,1563.094750216238,2471.1609176316724,2183.109136781452,1357.1985851212703,824.5536219552554,1067.504017791138,590.5880221019744,711.0012588276352,570.9205768087027,474.3313603173414,635.5431210219483,362.90900265976944,424.9438079073965,380.8712193706101,540.4689315910111,442.8100425700636,676.1003715570417,701.4250640837984,802.2743819994562,791.1394199242637,932.170330161426,1079.8058284745748,1053.518087658177,663.0275417894601,389.9592498795272,616.9597093851979,633.1532167247773,847.7099134641563,646.1850763522884,405.53690982808024,527.5520235884002,753.8471006578624
1991,1245.3777689510314,1253.4320225285765,858.4668995208194,862.4157287869849,642.361787544819,1379.6167151283867,972.0603792959297,885.3504324341151,508.09779914188755,1033.7451512722896,785.8170673869441,1614.1315361736365,1742.253424880424,1681.515012159728,1489.6707457647876,1048.2665266817507,1235.7730263335025,2102.0825368495853,2102.0825368495853,2153.37077027812,2073.4812109323516,2520.6785081726666,2390.4386399747746,2316.51831561394,1712.5792036527969,1356.8340374068605,1420.8861193776695,2101.7379700395236,1351.6638069024677,1434.7915569679876,2531.9099889545005,3640.7136707032205,2163.9087362377477,3202.9696526415973,2998.2795049929027,1349.9452319050397,3274.8011190149186,3442.4663846257613,3449.3887577738865,2859.345581558378,2422.888718844984,3283.9386911093766,2229.410596373416,3493.505974719301,2991.0825393287573,2991.0825393287573,2255.90572393273,2879.3341952165306,1229.872664069983,2575.356600319088,4134.196973790299,2868.540109354003,1986.8379287937441,2018.0930689404506,1820.1272431036548,4713.016339480817,2938.7546568846155,3014.0298641790955,3565.897547228121,3252.668776285131,3614.555909066268,677.5794271291578,730.1938125925939,1881.5188745962332,456.73633606310466,621.9047313479258,701.2585149686421,567.6020085399298,1180.9849529730936,946.4078583295184,1362.114310450572,1325.9313845004308,1556.680316724539,2018.72203273721,1185.877476031065,1948.373752807688,2628.1721593881366,2965.3608974818303,2378.1344592616456,2640.7782892277473,1506.9174017767734,2284.314473119317,3449.034163028473,3291.3876673199147,1641.9152973104,2776.133976331205,3155.4634687945695,2040.8134159107915,1568.8284316716315,2077.29082538669,352.49235551387073,702.1153591712482,433.87109852170573,452.42779334286695,581.4609914055667,460.3437795725788,471.5411771364201,369.57515263587726,544.4891467241705,469.27320171936867,768.4469649652374,853.543235359158,961.2192143299147,936.5459891011409,1069.1195130200526,1210.3562567449994,965.0948940692228,803.5957289919626,529.6309596601294,881.2191483164454,808.1969186215725,1033.3660398863972,972.2186897077222,578.6303508432642,569.3507631552586,1193.3622602619828
1992,1694.6983781862582,1589.2966281044762,538.7995590953187,484.50696538522106,324.01935544392904,717.0013002086143,851.1658784507604,805.7279214373108,433.2117642160937,1194.365845961683,723.2570933290192,1704.8806433866166,1719.4900721400443,1723.2323480980263,992.9083089635393,694.573637415404,717.8770423742576,1152.0940429269642,1152.0940429269642,1231.654516601107,1114.2479617857514,835.9013424011308,755.0718053398748,750.9559814533679,606.3438318653879,431.58278662188724,515.2454743792941,1222.6551602902284,836.728389398786,982.5226331900485,1360.5659085170093,2063.8359322169663,1614.6790130324578,2018.8919978436825,2304.005165313132,476.67403133577653,2752.2345969184275,2784.221098576423,3315.091192862152,2510.3573209288547,2241.960179090993,2640.605881933048,1851.5543094846958,3522.1195586464446,2994.2317207054634,2994.2317207054634,2139.6137773236733,2713.1258860256457,1436.2460805530206,2950.955854813317,4704.327528674041,3570.9597899135647,2838.101075890858,2615.132966425314,1883.5859787881425,4642.98833004474,4299.514242739517,4333.063329711043,4766.8294516343285,3740.683313795232,4733.3402612264945,898.7941567258671,789.7853690763405,2713.181012661622,362.8734311736245,628.0026827659723,823.25616309272,578.5672808874075,1764.08710377864,1329.3324396862834,2077.549410367884,1936.772977610261,2367.2178987788097,3221.782307423826,1635.8778485235416,2832.9735068589944,4408.869174103329,4515.170857225057,3419.226642729486,3907.6116132409206,1656.2668098043043,3633.8785779829464,4386.7284626369255,4853.573596016615,2413.0480520370934,4044.273057184714,3987.254834978413,2523.935417339045,1737.0150533236945,2365.1246975675444,725.8645768543062,831.0818535071497,700.0928401571263,556.6212473218739,672.9445192613463,351.3655805468499,605.6202205226255,402.53160065018324,642.7665886161898,620.9891245284205,923.2558584804204,1006.6148827463868,1135.0170586488389,945.1497714352673,927.5577831630551,1143.4538137389234,1508.548299949805,875.5979719013797,468.35361761433074,1064.2071736071036,828.5303130564581,1052.8168687796033,898.5185626509868,431.4006637397879,421.3162675045624,885.192674978076
1993,1529.0424381119956,1479.2889894511743,568.5219564146307,488.4964914268351,271.67054658478673,558.2210712281947,854.3096078708165,830.5929600051599,511.1233107095795,1133.9133070937041,749.895716352125,1607.094439224609,1679.7617721887998,1641.381556874245,769.2145995188457,618.4501031293989,719.3748177730537,1123.099846240461,1123.099846240461,1169.183586234484,1029.378742630281,994.1843930165081,986.6604656351082,1145.47196185068,906.2456781840001,762.702671086083,920.1538820702973,1427.345582938483,1068.4072065810858,995.4373558955162,1908.1454112642657,2818.4791069142047,1801.006821297176,2462.973989206784,2398.4281893068396,822.8934720367254,2672.0796501064565,2674.274473158879,3047.3929397293514,2397.3184148316495,1960.756731418353,2765.4310872355577,1859.1408679401059,3255.156637150162,2710.575509126082,2710.575509126082,1893.1628643181455,2544.3882683797647,1405.9389498638916,2981.511454223049,5148.412424719998,4121.286142615067,3470.492220341078,2700.917023971756,2456.4238235308394,5878.441238171705,3794.3533782980494,3794.0625588970715,4492.561415258272,3562.038279962565,4523.113338811814,825.072340625693,877.3579183114043,2802.3599846970674,428.8393329274669,614.9422778549899,786.4818354458357,585.517818027555,1792.095667319198,1351.0684736748688,2098.7293699168254,1894.95958448045,2371.573030416794,3403.513754947182,2022.9295814907318,3361.633261398366,4272.590067048082,4283.5893189887465,3459.4701299324734,3876.846999941317,2082.6810677038293,3870.6105599149614,4982.311561711446,5197.0003008445265,3018.6195113529784,4779.932827107289,4692.505575854143,3044.1461522655354,1997.6379865217211,2581.673362501471,545.8244573621087,748.4115909912417,564.8948980394896,451.3674937026763,659.101517574303,383.3310622640763,423.8098847208264,364.3331585391513,500.0516102910281,475.4582572690773,679.4422091813483,876.4357950372287,935.5022136610269,813.7715468547698,934.2386431036706,1035.6889945642622,1417.8363950210792,703.5223957779488,380.824873513963,1054.24716181829,799.7814100097863,942.1433874411523,948.7690733033386,343.4819301824893,327.47308872227865,801.3102075648525
1994,1095.4017538006037,1084.7778688117155,517.4177285843901,514.9920169248837,327.00779929746415,574.3894018162581,734.1802597263932,698.6666937663973,360.0846569460797,865.9496944243427,533.6781469601215,1258.1608927653963,1315.7029350030446,1287.59094789613,746.0386428330609,621.2695766337407,697.0848335674336,1104.765785977926,1104.765785977926,1090.600799017607,947.5343875826006,913.3441644879755,943.5478779424127,798.9060950033863,617.247698489848,687.9206479012757,740.8390017030373,1360.377861911803,1009.6261730477597,896.276929517175,1489.6698540273524,2391.194181500847,1447.4550804658113,2164.9705095397035,2031.018464387896,798.7620240481305,2283.7322664846233,2432.546765992608,2560.3590678384176,1974.315841007229,1668.5046305197816,1813.1207366290676,1274.0744425798525,2388.97283645959,2232.49587587022,2232.49587587022,1309.920773185804,1621.9336311179889,853.0752510853791,1816.8941960508841,2886.516521230175,2441.763380549786,1990.5604554297686,1740.532206251509,1532.0237222750893,3753.535625718814,2936.2352435030803,2930.7765145097537,3499.6899531108056,2686.3744323236097,3480.1006206459983,726.8093506480615,613.0255339028711,1871.0880891225245,309.7048292036637,483.89685006274493,542.9581032872794,446.6879034237871,1189.171364880951,908.6037375378669,1430.1619746514657,1322.6769372051149,1730.9198075568277,1978.397649528727,1042.8890605880515,1815.920092759584,2805.0909889501913,2835.324502317908,2170.092359161071,2537.7602914795757,1130.8246796113256,2327.9130336573517,2861.1495907045614,3220.065661787242,1669.094919584052,2589.866815290925,2668.857973785517,1796.5511271729574,1228.9973563974531,1576.3989126895178,730.7074093437675,695.5891652137514,617.54383884052,495.982890194887,511.4512185534605,286.79751357186046,487.784346471985,345.04171147105336,539.711792489368,577.9797352230744,773.7542227275902,788.5867902175016,900.0098100707926,833.3566391270048,828.3522280678236,1031.9712558670094,1021.1749518830296,635.995293080072,323.74590462261295,751.8344124364422,619.544721691327,827.2172120705012,740.4051678580369,424.85041316346565,511.8982653766446,902.102438560088
1995,1241.8808882934277,1256.0653037339607,496.0335322684215,330.7949611119285,191.26914860445305,323.21979261130406,628.139610707554,564.9391865193857,440.1318765865841,1133.5215100640366,652.0647210229105,1179.6873663112835,1088.4452053535153,1151.323586839797,490.92125161153047,353.8631004896717,414.5129534124999,715.9600831237836,715.9600831237836,803.8576575923981,650.6612484906323,528.4406175460769,467.7927080335138,525.8995898129477,475.68212551399654,412.3068489145032,445.1324126166802,918.8482617792822,714.0183305650746,737.2478055246452,965.9698972490794,1471.2747311221667,1150.2367589180644,1547.8571191163132,1755.224705451856,470.73463835275015,1828.8668634606736,1925.1391134032517,2346.343543306484,1868.3985916456938,1596.3813619079017,1668.4219870530424,1312.1683198934043,2284.7194676402137,2157.373899270126,2157.373899270126,1472.7900754398195,1819.7474897636082,1053.6281855084183,2145.963297372387,3604.2034755505883,2866.851594866865,2268.5903143611476,1942.505788836783,1429.1879298276306,3707.9797289313556,3583.460379854996,3536.2014611259215,3946.867787960371,2807.0673564926046,3618.8705573384686,748.9529546098394,603.6738363586002,2235.7933498321077,393.32780646937744,489.82993339339333,472.1568310997504,536.0335951885961,1407.3143743484509,1149.1373622387778,1659.248549073578,1508.486972547883,2027.1920962425202,2601.0307429257036,1248.795132272568,2130.350386781034,3537.212443102856,3553.346016519942,2835.858405370312,3313.601631963087,1490.1209055917432,2830.2749934114418,3473.0973378266217,3820.410490197567,1986.6674876311376,3356.8177440995955,3402.426499731091,2304.1705981735627,1384.826604062082,1975.0456314026096,486.5610509674063,852.9432228421672,585.2151137307321,517.7420792514033,606.8937406650554,376.9486865079943,387.00369358323314,322.17271900435514,523.9047318313551,368.8124188153874,598.0436782644324,856.8505519449224,950.2397645060189,924.1426804996678,887.3515652754643,967.6200181559109,1167.6769500892888,750.3200822852986,419.1027597268277,973.6574257560042,775.0992026078773,1036.1913578679992,900.237129433814,320.2035184014097,325.6849084014029,704.3707438455679
1996,1326.9983740440446,1260.569051739662,665.4092433791238,412.5084797477557,256.30854478532467,591.0075532669755,785.2460184663088,693.1145687567603,473.100321517954,967.5157847288565,627.5240450910854,1189.3671660652112,1170.0460256755377,1183.882451805337,646.9828231233646,474.68304867427304,560.5318284208071,1076.3621584858422,1076.3621584858422,1022.4582798697261,885.3030935514886,1059.550013011603,959.9884387591736,991.9841627852328,809.7744574658765,624.7838295842204,670.3828702269818,992.84249656879,668.3244573520699,752.4005305103562,1528.7739909948996,2480.725265818004,1631.9642221077875,2278.230797157864,2055.3765504331573,589.9097014381593,2122.6910630927296,2244.5937206395547,2382.9542777254123,1832.99823857231,1534.4788418758337,2346.273380109934,1242.9084835985725,2309.616174699084,2129.5703138437852,2129.5703138437852,1435.6852736190658,1900.5267605771276,975.3832264313672,2100.503176971167,2924.181469327732,2723.824731806111,2100.8598178724824,1625.6023022245402,1343.2064479258675,3616.781369423451,3196.3415494023243,3158.213852342439,3814.1714751753298,3080.2797590100113,3694.504615690829,738.9053616784812,709.1010445395493,2044.472599767883,394.53694103566556,606.9642027150134,737.5026262759765,485.7486401418384,1476.1941141923294,1156.6577408367907,1686.4619700261208,1494.6309772071234,1873.3436367704044,1865.0573008543943,1082.264398107126,1897.7291650511904,2858.5560034461137,2934.6636504807407,2015.5366422722445,2365.629885509621,1150.8315485918454,2239.1638005898176,3073.012242507608,3346.410597567579,1720.7204851698664,2779.1408018796733,2759.374339294817,1718.1072619995336,1170.7476589284488,1444.7041670527176,532.0165446788276,771.0837019984282,577.8812461116149,498.4619576996968,649.66382058703,357.5067320985465,433.2683750630586,397.73006872904693,531.3110474867835,494.4549882855596,684.1556380496337,889.2638799906271,1003.3793732723472,1084.2568208429195,1146.2460821751656,1216.5924512360332,1226.6579207638024,787.1819188931112,431.32219970345284,967.3205346674694,783.0825279264589,1121.1640861417864,963.9740825804338,480.90456871686735,449.7629649430371,895.5678161981016
1997,1317.8008968781362,1258.6607495831863,832.3029095621848,877.060692865984,533.8139568433736,1259.5693008645583,844.3144226928544,742.3521705689399,460.94788001528093,1057.9103809853516,765.2003945546459,1481.079242317274,1498.9391258436199,1500.2157259969367,1418.331084854945,976.9021077757882,1179.175399200361,2167.1635202686357,2167.1635202686357,2190.5847849822503,1907.725763126602,1806.299198145827,1671.4760085278247,1854.4672858003748,1546.848367448312,1042.747459753824,1137.338676873988,1693.0585798712107,1162.9840434147457,1253.4048656058615,2282.0401880644467,3344.3740827501565,2103.0563007436795,2917.5879137266616,2725.520916202858,949.345672565034,2871.5641076428656,2952.230904261259,3135.107547107764,2515.264536830976,2158.1977428990554,2649.6302752472398,1821.3197416609446,2897.6101753636167,2736.897414856786,2736.897414856786,2222.2984156257426,2576.1238176265965,1152.345262792744,2510.8311586839995,3674.663037867931,3271.758240287501,2579.6939137028244,2069.239665433583,1523.3326759769018,4401.411921743647,3247.380402153293,3296.788004164829,3826.1142310758432,2945.7425577627664,3566.576034074083,666.9543474963469,673.3579499160817,2167.990563007288,355.3734506679898,637.5398737635923,729.7537516892197,528.0624886340855,1445.9396959101277,1212.434251636046,1610.9157553173056,1586.5861026476252,2149.9429947857348,2211.435580460569,1309.5199851581729,2244.4096043715035,3169.0098069519777,3305.0040113378564,2490.5707106976483,2784.659502875304,1415.3146529602323,2571.0408685186753,3615.9906413353465,3884.6241510171994,2122.4690741537647,3507.7121242098965,3538.2143584648256,2178.518978184776,1487.9156266966668,2016.516637579984,603.5187484927856,583.9800501502613,596.5461358269539,388.89893053318605,470.00671771960333,381.0295424816737,588.6817554240143,472.10595434319856,736.3183349407911,637.4436665957999,1027.0696035497408,987.1161936172214,1073.5815080716943,1008.9889582465147,1161.1737836144964,1263.187618013222,1041.0602400814255,811.1570535771241,437.4877740882169,920.8378761245596,707.1665747258897,1027.3965144331778,928.4528835284383,610.4233853640162,655.3176773739953,1355.0133454910213
1998,1478.0393799912827,1378.8209251250144,683.216105894095,451.63635926222594,309.992278853334,857.4740253618933,844.0457992852417,894.2740153852717,516.4125553757398,1089.7494197151152,971.4736066359055,1856.7304806184538,1990.5916727905583,1925.8808041003974,715.3523950331307,488.14237547529893,587.7099443678918,1232.5286337361588,1232.5286337361588,1229.412073507653,1235.079137686772,1073.2927379085106,888.5126284576933,1021.4468078545132,757.6511301992571,577.4441713483391,679.3960939173967,1212.163858318473,905.8480550308376,958.2894506559727,1379.4215964313034,2323.1833115174263,1739.6839388992214,2272.59660616836,2456.0205222021364,618.9117505528726,2972.963234542521,3104.3680034555673,3638.186663650794,2769.1356058269407,2399.660006739837,2844.8705820227037,1986.019307676456,3799.9180643763875,3297.3071457938295,3297.3071457938295,2136.406049864355,2914.473139020474,1377.1068542894927,2864.9853785087444,4570.972496109126,3538.0347628815084,2704.304425133392,2293.3958993852934,2076.553821499556,5239.622573197144,3553.621562396239,3588.6261827542853,4463.297487058693,3538.668542336685,4484.187814856673,746.0034234518855,804.7531272819674,2639.040870454595,489.34847065805485,752.749008663989,1025.7790678532172,677.9148921217344,1793.828564547857,1443.2373262735669,2058.4152883366046,1956.763955639632,2077.449365868438,2756.7315281313026,1539.0330759518413,2638.0225686348417,3467.408729736645,3566.1989029961765,2952.3531690657273,3207.2562082863105,1510.6118232122094,3123.60929534835,4045.972631810415,4575.052748198636,2232.2603263475676,3724.7679020828214,3870.8776630592247,2440.8704251809722,1627.6459438575564,2281.7252646943266,621.0593741518272,689.979957289762,599.66928191921,512.1382347782531,562.6659988125058,340.9540616954521,370.60909480234227,316.4818886654319,458.4335377863499,363.87989931402745,510.93677522664683,794.2778180301716,863.9283703132011,793.4267236100367,946.5737140017732,902.6149395261835,1460.2195772396533,728.4042148672072,398.6333437755101,897.1643999898689,777.3648552345259,853.8819623434895,783.060714875406,356.6176799068112,288.33217959074113,608.8363747541816
1999,1247.6308197228334,1226.4939937342963,392.6650041065719,118.46255715486103,73.42801552901996,184.97889030479166,311.6350783608932,308.90576237046247,403.61062874329446,1259.7404816454844,596.1923483233913,697.6415331229024,714.6782124764505,706.7288190981924,276.02285075716435,153.63425413256775,188.3846233944684,320.22365802028537,320.22365802028537,359.23413838439893,340.47976725433386,232.1065596622938,254.33500829307107,304.7937623623889,252.96650606758968,240.6159378774609,329.8740491616905,693.4785768898971,448.13704034680296,597.7809245635482,506.8581233165837,911.6367472185674,757.2555123944501,974.7945848069646,1079.6119734274553,292.08654868857286,1221.7206688159665,1313.8061088918123,1563.9880519126225,1344.3550159738852,1204.255099278146,1755.5482734203044,1162.568162818355,1763.7272836509583,1405.2257227974283,1405.2257227974283,1493.5705915368767,1793.2582446266094,1047.1544503878736,2194.9037363456287,3705.684752839698,3256.5482036746957,2492.6306096354915,2121.369996866633,1599.420078964957,4237.456427699941,4268.34054795128,4214.152763629107,4872.91480697702,3667.8070553427974,4573.503499604515,786.676848404794,688.3305831139122,2620.925080029773,384.2244767779036,450.48658886654135,429.9480652689069,586.020944432231,1303.6744234282728,988.2834507348571,1497.1595313212204,1264.4616328061074,2342.9717092457745,2410.2976479561526,1206.3481736854,2170.464747628028,3689.5491244779814,3528.012601565729,2779.1484945013,3335.5138031699844,1305.0612427598771,2800.5876764152845,3606.9803151201363,4187.808401284053,2098.6978779106594,3419.002982149675,3350.8684428997467,2078.869676924207,1475.813580425899,1983.2203920791003,463.81595980349607,783.3691698508585,570.1009186992534,437.4041800602633,561.6325135525584,353.8495129473647,376.44296750375463,288.99645174159576,409.4219749182324,347.121824460015,570.4465545867115,1014.1570593564143,1094.619651184196,993.1980297502024,823.9128225113056,952.7325928575257,1221.8761384110815,791.6714531605791,399.16358505005854,957.4232990010867,686.3167053357282,1069.203331740172,890.3784123878954,353.4011332978338,295.9883293230615,538.6603744833512
2000,1241.2410090042565,1043.0507589814156,583.7049439898119,292.44003446287365,199.73134161423536,402.8921501071672,588.0461953212496,590.5649441484304,389.9938614574486,949.998284814081,631.485649469764,1180.687722328649,1296.3776448564388,1235.0130007868725,345.14503005707087,246.97478532620553,311.0179098831274,680.4244909958479,680.4244909958479,654.1547859699887,521.8554194251301,606.3234990854052,593.9756503757064,671.8437599269402,582.6488144472125,526.2002495287762,615.6503852782266,1233.3300244684212,808.0441714049165,949.7599891014261,1185.809958540518,1832.1702698964411,1249.5964632980224,1643.0303934726812,1692.5941056140223,598.9468006804053,1995.9867860374081,2126.948300346831,2448.3719809184627,1877.8609758879486,1664.0279906641354,2329.558569869311,1696.7155240228321,2737.0612039970197,2108.773639494231,2108.773639494231,1983.0389866549276,2383.410500823921,1068.1268269530033,2206.236468221725,3654.1336331996404,3730.8736412021294,2971.4987955898864,2249.6357114741627,1767.333515034176,4968.938561446469,3596.925595820711,3570.81366202226,4332.663295975798,3526.5824921340854,4250.1040926640135,683.1323406236451,825.1626999990426,2372.967729593518,373.8016881965781,539.4928221879611,580.7739086956609,489.31971024474774,1378.6363118785912,1133.9589333879237,1607.5947737862896,1606.3630685192559,1924.8175610682304,2519.3966892686717,1511.2135920108583,2644.777601581836,3570.9070892165964,3846.0435343600975,2624.9918363492775,2973.6931005627807,1630.2466607921021,2946.9511410273044,4389.049415956384,4426.058677694047,2455.048673756368,4066.2797005619555,4141.881509119832,2481.725638593155,1377.2774348851124,1888.7079107284571,515.7632521172649,563.0845995829955,510.8026957784832,416.768739969947,488.68035245305487,338.3638464731071,549.8573784515106,405.16610259694846,531.3325421399081,477.09954765894486,778.7882615518891,830.618500732543,955.5708350818514,809.9643790371439,801.560751695419,941.4935769029827,1054.405141239554,743.7300742388616,417.9467145296844,764.5984243605161,659.7617734873728,858.4996632919514,773.9733587052614,376.2289977049403,346.244925128067,722.6749989474354
2001,1046.9956832454009,998.040165860569,604.6640051400909,619.8607735296303,429.5696651579185,1007.8082046660884,885.7005726396562,809.3245245743218,480.5048862386827,990.342486309126,742.4356608719257,1563.2021117632896,1694.5530758363966,1619.3763597652346,958.8170009841614,728.6087959310078,857.8308764938636,1490.4269337915628,1490.4269337915628,1532.8344904069202,1472.852342583542,1715.9374639070895,1599.406302301134,1712.568389295092,1331.6510503532386,1125.0519951539218,1309.6189199027024,2120.9938517445,1456.6830903172652,1573.5420006959425,1985.2342518411024,2905.173165143484,2112.7043165640625,2848.4287555796436,2531.6682262223285,1225.6957535893155,2831.863349259417,2881.6564952525855,3191.2642276115316,2550.376790052604,2361.6165716853875,3350.0677269016223,2354.6598901857706,3452.6005549811607,2805.9054517780937,2805.9054517780937,2849.306001721348,3320.1049903125727,1366.60079656502,2809.855514951199,4440.89841454714,3292.002315724605,2449.4324854166443,1982.954497175386,1787.688544652389,4562.288579639761,2824.732767805877,2862.7737552946114,3491.949765489323,2851.1478738873357,3430.388722561687,584.3091311669461,678.9868248426587,1991.2293469862732,405.56815789396035,600.5531160264727,713.5663265353392,600.2481080747475,1283.6207638324788,1126.4624797516487,1489.0200219699332,1562.8025756834988,1816.8363833897915,2221.711807447336,1412.9542432700507,2332.0402704779094,3116.8863903105016,3432.4151317940064,2641.8861421435104,2903.5729564526223,1633.4249424279762,2712.965507334763,3845.7398832832123,3502.6788152227514,2056.886995702758,3361.7629826194798,3579.35117928379,2343.1537658296197,1913.009949988351,2449.411265272009,359.88262279652713,514.2644776587155,400.5694050404041,311.8668844998073,397.56723239416135,217.05785107657636,443.4003455782257,324.5993107236214,431.0873787072733,413.34520255944057,651.4861337339322,617.8511798684787,701.9362603365788,636.2289071965955,699.3086981910589,880.096784690193,880.1366499389385,582.0682095040361,318.3660467055784,655.2622952764167,535.2864914024809,724.6610531670658,743.0739010900576,435.881417701978,467.7850071290879,825.3064426263047
2002,1234.7039978960902,1132.7409603357705,510.31778993898735,242.47686397599236,127.9234618242868,323.7816183241308,379.80749651619055,420.33599055423934,463.37794175399773,1078.7706402026472,620.7867130086403,974.3993803608714,933.1070233509167,968.4238105374791,448.71195427112025,269.31279396592043,332.81785700479355,582.2667170721717,582.2667170721717,620.2305759655663,519.6744774051954,380.1117586676798,329.93111820632237,369.51249831388986,310.60754654124037,250.60043462524308,309.42782077167016,648.6388157875136,423.68852026648136,581.5221438271687,796.9251068271186,1302.0111749423943,991.9793588866654,1270.720992795808,1329.4552613648605,308.75224542745366,1507.0943639937661,1580.5053298723183,2018.2426895070905,1476.3291474138769,1375.0418871543484,1650.8824105257956,1374.938069508702,2145.265364490713,1881.039003971239,1881.039003971239,1438.034332139113,1703.4163633064957,1003.1509521290154,2092.82384270064,3408.4046136824795,2742.175345036965,2131.645498102681,1920.949420021394,1628.024878284439,3855.4336877580463,3451.3090563769506,3454.848109199253,4024.0606895094015,3013.856588674957,3756.1777049909983,671.2042291997114,604.9213468635154,2352.989490423085,422.6631728047087,553.3880643276574,640.5808817991876,543.1735405142041,1486.9974219151084,1162.2733006060907,1719.0040140357953,1618.0906422638998,2132.1407850206756,2504.0294822657743,1291.3800435802912,2235.765755695203,3477.561388499976,3443.001695332164,2693.828574699426,3190.905971934473,1289.1533281615928,2800.8072563272785,3377.928867368821,4015.2532826487263,1780.5883986851932,3058.084327207012,3124.5123174004298,2052.5322024819884,1328.1560384426466,1813.266057629057,532.269838609684,741.5361228852913,607.0978091695513,449.66684709037924,595.8066276914547,275.79467015384506,344.60689185518993,295.38184912973065,377.6020233063813,381.00283387865466,569.2432115111615,693.0878143312315,807.6390519356174,767.9067609854102,811.3801438042279,985.283969147858,1204.0886568577623,594.5778788893588,318.522157396837,769.1802069787393,586.4721842506461,818.5249113883547,830.5264725594069,315.36122134363796,295.39511423773104,582.1615142890287
2003,1095.9921641063881,906.29687508129,607.4762770212335,566.9257354322355,296.11216804332855,711.0077943640582,390.6673210817245,378.390225136125,307.63894238253914,840.6528114429553,472.32026472974775,711.4421561694038,705.1284619594428,712.3875288537944,853.7902298860263,644.6658873198023,726.9775057614919,1307.0605117630612,1307.0605117630612,1214.2993158408365,1038.657193416692,837.3256871544934,748.8885175722655,831.5159639457099,610.6508509148754,377.1213006053508,431.18586979976106,692.2463897979758,440.3008902811322,503.10718583407765,840.0604038082176,1475.3651055181238,1025.3586336297644,1502.2368405121745,1295.7830777151967,388.19820647069906,1502.7103038174869,1600.4819510496495,1711.5619725452318,1338.443137303474,1171.1573219859806,1329.693947426803,985.2414015557454,1668.6886860323332,1472.9812682435256,1472.9812682435256,1061.7590338984628,1257.112777058786,814.3891767436681,1506.9918718354786,2576.1212176307545,2742.6152369115916,2026.9980101033334,1778.1286336253147,1426.6672766219504,3703.482896837213,3188.5653622848426,3150.187878459251,3794.3926568066618,3148.4299867393142,3753.5832453470916,767.8049004608108,671.3910994901443,2072.0315526769073,295.80135468883515,586.3222047427453,503.241443627178,460.81375339112054,1086.7366203666766,859.338786637481,1273.8701864436614,1206.6380827805856,1857.7503003110337,2023.4473755091394,1090.4499433497026,1915.0095499154852,3119.8422605833175,3277.4535413355243,2285.718399245795,2703.8479946133402,1152.0159888851258,2402.01965461581,3284.6014072480293,3366.755310301509,1748.717589469491,2909.7445358684204,2972.096330348563,1839.3720958789004,1236.2670666463482,1519.2537015791606,547.3316526079724,823.2284010277436,548.2280674475894,524.9844718674594,604.422819784468,384.02972456886977,398.80486142893164,316.1830649033267,478.1548149970408,411.5701127511992,640.3320175096845,823.1020473235652,974.2478061892143,924.1348378559602,887.3026995723629,916.6214798493982,1047.7160669370753,739.3990862638907,417.678519553782,694.777212245116,615.710456534224,980.9619861937302,729.4051897466584,357.7236937630154,378.3301712632891,693.0888540756624
2004,1451.3269333362396,1400.3219834477186,689.6219173407591,539.4107081466592,352.3472191248868,695.8510894042433,893.3991773334546,838.6186632811421,525.489364297127,1235.5739950984948,664.4530338001515,1444.196361458577,1276.0563424869188,1398.428615328938,915.1312817861731,645.6100688455315,761.9672575981486,1335.9857905042263,1335.9857905042263,1463.9841223910687,1311.9977929947042,1207.3914884506994,1103.4333247842158,1249.4270979438804,902.3161338433351,710.9996090525257,884.6714007109186,1091.3825046033994,714.2991910534076,777.6372530410804,1819.2571781715026,2938.242041007989,1848.7972331494727,2674.2762606560204,2397.0476915146046,750.4025243651402,2523.0837196386256,2630.487049436042,2891.1416700833925,2228.157952549504,1895.9162063834053,1663.991662800223,1205.8296943675207,2387.100153907608,2582.4348129685013,2582.4348129685013,1247.2222361798333,1500.830699792199,920.7717040847904,1775.6910309106813,2994.5069693594746,2062.2089188033474,1720.7363574824453,1483.3490932102347,1383.1007028748659,2958.2823609227357,2863.27510036337,2823.604106999284,3238.594145669025,2481.169481201341,3225.5430294720936,729.515478320279,586.1521393802243,1798.0977390422063,445.19843526512557,592.7439023185716,629.7299548817302,602.2106302850154,1291.042885295963,1046.9604506454966,1473.6884708310654,1376.6973108128775,1733.0630692027398,2261.913417825848,1062.1556160504672,1782.7936676121142,3047.3855764598775,2910.2274473729085,2518.463262965404,2898.668339296345,1308.4831825998301,2512.3727662911742,2753.6991715293275,3092.6917073822956,1574.061111381957,2571.563610633806,2482.4587294743287,1757.9257717571677,1362.6770769847767,1721.2038773597628,599.1753399116504,850.5882512177373,573.1298196523762,533.2350128712313,701.183327120486,444.1476928717579,468.11743964309215,397.6228532205116,544.5097476287244,544.8064695255147,671.7737123827138,935.6384544587684,1048.9404410336788,1072.941293626809,1070.4068461175314,1236.8457195155788,1273.7580479387889,935.7514372139356,557.9478713764153,1109.1063816932208,963.2339191157048,1116.1683891311693,996.3037613458523,467.8051139040129,440.4864724486514,827.4984828706781
2005,1004.2522695716777,1023.0505279460091,439.2745178014676,165.9811123374332,112.71846651201291,242.55803450047705,489.0942923058294,442.3937450005345,334.42218001811955,845.335774656838,549.1961118751144,840.299557320398,881.2867285930928,856.3978529696493,367.4181077180375,235.60048616167538,288.54515935214994,471.10514970873817,471.10514970873817,539.5790819984807,457.2906037352842,429.34117274989813,440.55544104591615,452.7829688542885,353.65338238756397,341.9285175556135,412.4963330559918,693.9642433006936,497.33241098737165,539.6799219739307,743.9762381641644,1114.0616822399095,980.629757506298,1135.8739959502543,1306.8049225884797,403.8799451783982,1438.8014716488701,1440.1198625091797,1565.7459436325591,1171.6672408953048,1056.7556107268274,1402.993767173687,910.0314078649552,1748.7371091865377,1422.5975137655416,1422.5975137655416,1042.6508490554966,1351.7633506885848,821.0936683372802,1635.5163680164476,2974.386901536551,3258.78503290994,2542.513462449482,1995.1126764155933,1915.373557885976,4723.763921399858,3408.930435758224,3421.6368591874398,4006.5841674587796,3506.219101262797,4173.023764210811,512.0987332746321,663.8425222765138,2350.3289550227814,320.89767155347846,484.238851510479,533.1279117165749,466.9341269751886,1288.51785600079,1030.9626949799533,1448.984884022558,1309.7273004148587,1922.832177478655,2341.442834717147,1248.9539741754024,2184.5622500825566,3206.1513975531825,3345.31251874936,2428.995902921336,2841.3424809748885,1303.690791045326,2662.5912036854866,3476.036988594127,3937.2864255806894,1985.1118354893893,3274.4388954870624,3180.344279896718,2007.0340099326036,1274.3534307366212,1588.1054102178682,482.36079577061395,559.5541530806347,469.2586198266615,330.9828769723947,445.84491491748275,320.8375981700428,403.4837875398956,316.4440337659715,413.8226588179261,405.60171236971007,599.9452847545327,789.7565674482945,858.9482077699278,763.5423632776857,664.0960993486585,828.2446526595068,885.6655735967914,613.4744519584337,342.5023976568723,694.2842127618076,507.00772803362435,770.7594723607033,759.6269625081517,248.9576044834102,382.003056750673,416.26845459398015
2006,1170.4917827751594,1238.7239746962975,591.8931923837027,412.6076020501716,395.2322081581326,670.0526877913173,541.748252648251,490.72619798249826,390.8155718620759,1011.2437183124583,493.73543807075606,1014.3404733209014,909.1392973721607,979.0123108604267,614.8604635576403,437.28086797642493,520.2924498325722,951.2322940168034,951.2322940168034,786.1808749245436,1013.5217717005248,523.6305968010163,466.9570391551159,491.08428455392453,432.3612832324778,317.6858264227896,399.77905490623215,729.0784043317709,484.024969574023,613.6275056661705,1139.4742098708198,1737.2343304730146,1194.0368068394623,1606.4108332866178,1624.2327899410525,362.8385902256675,1788.1685699537861,1808.6460925175493,2010.875296601915,1472.235689585351,1367.9853286634502,1572.2352049645365,1315.2294613213944,1966.3208690275858,1843.2554722770951,1843.2554722770951,1269.7743853811012,1510.1282849230095,894.5711354598092,1729.353804153555,2814.769663054877,2591.8151073760064,2096.3179791538882,1718.8136926296409,1240.0760006864784,3261.0156857041693,3329.7076687054614,3254.0137561654183,3757.0414415407,2779.9733685727424,3567.2340795734262,567.2330816008674,621.4503561437356,2015.1460587374033,349.01471558721516,490.7537651606336,450.5499380504694,475.3809738153817,1152.2049489995975,961.6058808990372,1331.7601629418978,1272.1388680282669,1936.6861740726113,1956.5217891190227,1042.0751535563613,1879.008829364741,3164.835188628248,3104.373432978134,2262.6176799396862,2699.3265893442103,1070.0124348732948,2386.150254994993,3121.6966263677173,3444.365344291548,1869.4320380832296,3005.5926861544194,2892.890033805174,1760.9169694734862,1303.4242279950654,1658.1611769309823,426.1542189599244,628.8434912928993,531.9871792904415,451.3665931315975,483.35161953209325,260.634555259358,312.92614564571414,278.1663297416994,397.74657984014146,355.69784144332465,538.2328620420517,795.570094674432,898.0977467224153,808.6519762922577,779.4928929250054,892.5822926244944,1085.0197022791294,729.1639246719759,366.2821957319948,792.471722175369,544.6752503132626,913.0269060891019,824.3757507553414,338.14847468764304,376.0422965844829,659.7334871068286
2007,1151.50454126556,1098.3020721830944,472.3651906164083,220.50531219999706,166.40229833377217,333.3559487643085,570.3235976467229,534.1282571827417,383.0446514772426,1005.1649153386888,544.3023915764106,1112.913120365813,1114.6809124091435,1120.759189038582,297.93697664843563,187.7390292779083,244.21093499643243,596.2034350616132,596.2034350616132,501.19822267605497,420.0295834422653,424.5536074376757,421.6043544589645,544.9353730417919,500.5924622385691,356.8538798392023,430.87808873956146,798.4583699381619,462.85766582823794,672.6566801112501,1077.5103559963936,1573.746579743769,1190.2678691169467,1516.3691280673231,1665.2774368002833,370.8208952908256,1868.7340825154092,1987.3714966904342,2376.4053350738272,1741.1898382096576,1630.5762889379846,1921.0844562213006,1399.836748071772,2493.9672345626227,2127.313870713278,2127.313870713278,1601.1907192018646,1972.0383462120192,1000.7659868905463,2093.85664622134,3163.638757208311,3617.1328520086627,2895.7913331831196,2218.21560415707,1834.1542506051333,4860.446550131201,3998.3973260873236,3953.8617869314476,4638.295407192768,3602.909513817877,4568.975337880674,856.3318582588197,771.8664298761125,2747.1827216463603,361.8337870862783,544.687136753279,626.2009141713921,475.5336676409531,1476.8304631746464,1141.0128783568819,1778.0711985197995,1564.4376480686046,2207.4524031812957,2611.8310828900712,1449.25291267028,2541.144286067713,3598.8407945435383,3721.712830071333,2523.3444707841186,3130.0627317381995,1384.2710225287221,2842.7261340252353,3801.6588631549103,4477.20351211674,2296.9595136179473,3778.6576212566765,3561.7097316040686,2213.4725016602533,1312.5085322169657,1736.9554809189656,625.6303115683049,779.1738582008476,700.0006156669353,465.6336039028258,616.146521672888,332.46251257066837,473.41442335937575,358.07985861975914,448.99894912464293,378.25521419191097,670.2014969283339,888.6077288915411,990.341313264127,779.2587531432041,765.5331211877104,856.1952028255806,1156.9317847735254,649.7911489775362,356.0331251972485,812.1202404806806,629.5189976344689,870.2485840857894,755.7225101586083,276.81216698722614,249.89802436819244,358.00227355758733
2008,1124.9659733949406,1057.4369828492058,394.551063314551,345.97437287136694,213.40917198601966,399.0975171132449,983.6000867131125,865.5503663216498,517.9078373594058,1132.3417619507522,681.8752577233242,1589.84699102639,1588.904515518844,1600.957672849691,608.9807354608123,407.56328112736094,520.9035845905073,835.8350535661712,835.8350535661712,864.5546087648124,678.4701654429233,768.4469649652374,879.5994973995437,959.6873292797864,804.4264447687011,593.5694142022395,764.2735216849914,1380.4148111176544,975.8940910563886,1118.384286030098,1771.1021113717502,2591.4180819172,1849.8296244671678,2414.5328166764684,2511.7612830585645,804.4000528991437,2618.089416137993,2767.9065227925553,3196.101194875998,2469.327022171678,2125.140144273977,2634.7020054593463,1732.5290807184872,3227.3159222995055,2821.003429806522,2821.003429806522,1971.1357878340095,2470.353711779742,1188.91867356577,2529.833116226099,3985.525474053622,2747.5395122395553,2091.486374380846,1785.8284657192307,1705.7392329469028,4158.024906516744,2698.1680112863555,2708.952364575162,3173.8870741519945,2680.701083974853,3302.467290933507,736.2442253093111,701.643699322873,1829.1412018958592,389.1288684345412,663.353538332079,731.0477506614548,552.9451472125154,1397.734689668789,1165.357558173583,1563.0315292647124,1468.8244259783244,1806.3038193516718,2237.7146108021752,1308.7850784903371,2154.19470489794,2932.2821355393853,3076.8792691357544,2511.795675191063,2738.932919753673,1405.311008997651,2589.182835557714,3329.7368272525796,3253.8087767423876,1873.0949507438245,3013.068765269707,3244.4088158341824,2145.376904312333,1566.5493728164229,1999.7958530707467,571.6536095117942,724.337691210245,626.9366959204157,536.0662446029179,610.870261990156,350.13978973056004,406.0643646629003,256.9065480214663,363.4358626804043,326.54307961327873,590.61843748302,795.3727717478137,876.0363732150677,823.9678550795446,702.4386503729738,765.1597289946804,1020.6683426932258,620.9514584218624,363.19980749958745,739.8755319693248,622.5411394578911,847.5229412631722,765.8529267700104,278.8718868639449,230.71799286913796,432.14283076933856
2009,1677.151367810865,1620.343963868602,539.689929822126,290.469444547939,177.2979312995249,420.3926827639214,1050.7230777676393,1011.3486431533374,469.7473932863841,1174.9626762110079,756.9796313624392,1987.4242837153895,2005.9142864437192,2006.0351498071354,550.5927100880293,360.93330603530376,455.82694373804117,833.2368271658366,833.2368271658366,884.5660023474713,747.0934235680747,916.1612152952989,938.478563979215,994.6168109187126,868.3668262618627,748.6940868083171,878.35386686264,1610.8940737730327,1237.0387931465373,1207.141311467983,1943.305090678612,2902.0709638546878,1992.517254086067,2627.4657323928923,2682.3712852100293,862.1473824215614,3085.231014372952,3083.41219134421,3530.9220883189737,2836.56786298571,2385.8808048956685,3283.014529911288,2055.0642237267643,3943.4488340531425,3196.1705575368082,3196.1705575368082,2392.970430178034,3241.398241184567,1564.751244514453,3455.578378828781,5504.192876570423,3707.151990076548,2901.0412122872353,2362.3544344978955,2323.2933413743554,5611.493733838267,3501.703452569282,3525.420507273643,4402.7783588440825,3613.3445869733064,4563.67941531571,692.3505706313642,873.3471925827117,2632.9590655257666,405.3036440669848,651.9469485953769,1050.6187239616593,550.2559201179207,1824.1804826741316,1309.8563864584173,2109.793600906533,1821.9478012447537,2098.8496496586786,3262.5095830800874,1739.5317935389864,2953.7163387606743,3944.2131922057406,4028.460410598135,3370.8808778590887,3716.195419363818,1908.6186179487015,3595.9874017384136,4392.073861119531,4644.312368516071,2428.1631278642653,3957.3355801482953,4429.0053874361465,2948.0291241059685,2018.1907099027192,2693.6400384384433,578.6774259156545,624.3258017404835,593.7895561774508,448.44342127977086,534.311771423186,298.17381935368064,495.45313577015173,414.05918973465333,603.0290524790584,546.8410618599223,792.8030658574231,865.3611609905564,941.4754425848859,974.620482585398,959.2003703710567,1098.6600610451037,1479.8721333102467,779.7677100266218,391.1545339635893,1113.8769006943894,848.1592101805131,971.2900774948913,939.8271188537848,430.83407074347434,382.5249591228254,713.4030684630968
2010,1247.5613754588924,1116.952444960599,388.9494678611539,148.91182034843797,102.87388186536815,235.98328485891426,420.54098137304806,498.52210857042144,399.5650250569878,1045.7299844492607,644.2788941887021,1068.9820824195265,1118.4637267542037,1095.4200408454733,256.4520726807873,179.0145070978129,215.77641885276685,423.14570765801346,423.14570765801346,415.8823247427494,376.02946152443025,257.89233428369477,244.69463123000298,306.7649248350017,292.2880245887884,267.20196842002014,360.94188107919376,776.8967716081099,527.3570423649251,715.3871065010558,714.2570983163465,1223.926328569809,907.6742905867876,1126.032036690036,1359.9440501055776,389.91479517764554,1653.6578460079472,1718.8845551314455,2101.396497929374,1588.8961542657682,1399.5164580879475,2247.5169827646955,1517.476981994114,2468.920880477451,1901.817725632113,1901.817725632113,1893.0456555770204,2335.193252935493,1119.1604950214737,2397.3445677639625,4180.432374848202,3477.462741001488,2958.916284016075,2308.317455127216,2260.717441120096,5171.985468865977,3623.6200781294833,3627.8963777638132,4217.260530534002,3294.751598046558,4361.633066025121,676.2899088164237,805.1909712246014,2680.863680724518,379.89322820466526,562.3971069677924,677.8879580732389,560.0616971104224,1472.232045528679,1173.705101073751,1688.0421174990654,1574.536974417228,2005.9727176776723,2751.3292413761883,1537.3463796296876,2703.7825572179913,3686.8574787826037,3820.3890402318707,2837.223382874868,3300.4239280375677,1722.1632829348057,3131.1028596800347,4013.7960074877237,4490.24103315834,2371.5579924642643,3904.5339360200473,3962.062999373671,2642.144033293577,1569.3832057844074,2083.3284544809944,705.780286903852,722.8232901165303,557.1923397056541,445.2116400932444,558.5868343629669,311.73046140269014,465.9472149888301,347.11971550779947,468.5538550389035,337.34668604881546,569.3918865858924,816.412842005671,871.4145759189903,738.5702461831655,721.1314240722519,835.9214421680933,1120.3343408020926,650.5129685468484,356.7298501223965,765.2782950123615,636.4756572121361,781.4184965642283,662.6985893961304,226.26851089095942,317.31462080593394,345.93913581834494
2011,1302.0878585697578,1266.9437134199661,503.8011799562828,302.03051521901983,256.78614167777647,571.9580146890358,678.1708450844939,715.3820959231314,609.3303942766195,1149.384178640931,759.5869512998182,1251.2707615969584,1360.2777982560403,1300.051005181737,537.8036555409615,566.7987293713994,604.8633557587789,991.2437293339563,991.2437293339563,1243.9713215127965,1066.8471405213384,1126.5205596587641,1054.0008733704553,1051.6566267288736,830.7149864766754,644.1961872242965,830.8556855661781,1742.2879011410773,1237.7732031048427,1048.0176735641048,1270.5784177762966,2169.4813032633037,1426.477572607901,2072.150251732767,1924.8077217457308,897.1445786580772,2215.7584423794565,2354.6203812416024,2607.5337427848085,2226.715040169586,1958.317198006351,2509.816377718256,1883.388792396837,2839.1154485989764,2303.7486983319827,2303.7486983319827,1710.764421644378,2187.0516648513526,1158.9458010789194,2319.8781399282316,3519.2231802055694,2388.0947284889066,1960.579723465826,1580.528162796329,1337.6931011509978,3456.0330282864106,2691.035514657307,2731.529961671,3152.3636585733784,2514.6443311822163,3054.7265974783486,665.7396895638921,595.1620303282732,1759.3062157348336,568.4941608340829,740.1969565304476,805.7664717923258,669.8350392295088,1526.3785839346722,1340.5547936139017,1674.5621311622353,1497.2672754910157,1746.38097437463,2038.666972879681,1067.7342894816989,1832.6157223090504,2743.821436935698,2891.3457799132193,2338.5063179495646,2671.8487707881904,1278.5339193634627,2284.6324594528814,2928.532647004515,2915.28107016082,1670.826011260043,2718.5635451865965,2723.2129529295894,1797.0271823491248,1456.7727140020593,1946.7009317329519,493.1215983855883,628.5401753717282,488.9704647517123,487.2794438085551,599.1149969810725,368.8777413212143,395.1899937725191,325.3984506455946,420.17488740910625,317.4945325033113,514.0246653664547,794.9803044067182,896.3335708328412,807.8131485712554,842.4942574823924,889.6479564690256,1180.4968145870837,679.269046571766,396.02949629858284,812.7178085467573,682.1411678728434,897.3762365351467,863.3884903172308,378.55903292679557,260.23019770045556,674.1366515725266
2012,1209.3727949695892,965.5818245404978,474.5648767125246,385.63322282574364,233.51385057574228,517.0115395740626,535.9031369960688,558.6956973376371,388.48419824678183,863.8452516961288,552.2564346594559,1044.3193140490293,1057.7109324659157,1055.8001508891118,642.8375563151944,523.8110829409447,601.4953326156879,922.8294609678934,922.8294609678934,966.182116353917,817.1806837464479,813.562074533519,817.1113903025781,828.6362501917255,660.3241005372885,484.29270264867876,539.994756169902,948.5529580239615,705.5556487865426,814.449918777694,1046.6101937799035,1648.6785492836016,1163.1714233885152,1633.5651492350003,1599.6478292586214,558.8773972982783,1830.0873888524948,1901.9019633778305,2161.323009904228,1741.7352035874803,1529.3639855035437,2252.690503012055,1547.9062818593807,2176.573767936284,1966.8522729841225,1966.8522729841225,1768.7049923756113,2382.707689447894,1173.1837915719302,2374.604152407499,4054.785923705316,3407.255327499646,2791.6174680870436,2292.342028702278,2024.006768035582,5244.613903607602,3856.593901081143,3847.554416318815,4524.222539624128,3829.432211707053,4558.568406248127,703.0578036327912,815.1581017132108,2560.1321789771323,379.3920140062335,641.1787805770388,622.7357764838569,491.8622794343506,1396.494166652699,1150.9750467998556,1624.6877622397524,1516.3312250029398,2273.2539582420877,2559.835237097208,1394.9891259223848,2431.6387986946775,3608.7328037237144,3767.5949770066777,2820.2365741035705,3212.5386748383107,1561.44103606407,2964.8061677357596,4014.0658078374945,4403.143157585002,2231.986773081345,3596.8737584036116,3618.31274376011,2366.969394617407,1574.2974416753016,2148.487015275979,551.5615690854538,758.6767401996724,586.3749144121495,512.4661654560991,569.7087855358861,311.99172901764405,244.53379838174664,219.80505715613197,365.54247274890207,254.4053203474442,519.3040381734025,652.3858760059543,774.5931174797354,757.8007437099873,726.5374857390922,741.5433167632954,1062.928870107956,722.4687130108913,396.802258301253,624.0321361180775,523.73576866407,885.4002440211204,587.1024306060041,348.0601245376281,314.26737803526663,764.12151235148
2013,1426.8397865598793,1315.8795757841478,568.1605008346013,326.1789452519176,252.06041818071583,523.9200624123064,818.1609908269448,753.3455957654509,451.5060255839437,1034.9894168605192,706.5676793946122,1403.8879378360016,1398.796291918387,1408.6293078650087,579.8379101925592,414.0978120832436,508.2807844834389,929.339128335067,929.339128335067,1017.4720007346723,871.3844119047302,732.2254133614076,674.9126132221927,800.4750706191976,704.0234453384859,553.1512993151637,632.3538973755708,1072.0189605706028,830.0702697733655,1037.849468145949,1480.217533747963,2106.5417414195786,1467.5159374459283,1870.0077859471853,1956.2687714315568,666.7035753165127,2157.6209916059415,2256.0001420853027,2563.4507117222224,2088.5694854742605,1853.6463277149733,2260.967923929296,1755.4865373860619,3000.8465141688557,2363.6962231129055,2363.6962231129055,1911.062860691525,2263.4388926888596,1268.1981080410649,2676.70818133573,3879.152710837235,2695.3391773617154,2050.3355727806693,1860.5464577394257,1664.6154151616547,4322.934540998823,3483.114759083018,3464.5062914096275,4282.749875799978,3259.536116865017,4160.940283535352,756.2818716390477,661.4771760593005,2411.7960506868694,382.4218931606906,547.2908545307653,816.4235297489952,571.8323408443262,1595.7363980139892,1170.4227406980754,1879.6992544118923,1579.726988617083,2037.464579446575,2485.484293503168,1318.532335451028,2236.1628238101907,3535.915370177204,3657.216805091786,2745.77502912391,3020.917262539404,1317.637039249561,2788.6076824164293,3386.0024333633974,3947.7867635177236,1794.178673247204,3032.104588398041,3177.4935411521988,2024.3877024921608,1493.0854340538376,2049.360825053823,531.4615268164415,672.3407120618755,636.6564836368868,458.4249827022263,621.0379776086023,308.45033089025156,425.2939846911253,355.98908756343076,515.5720457824272,451.06722789414806,627.7783580549104,848.9016638759545,922.9581731752445,842.3207138536826,861.3216967475562,1067.859346687163,1403.0364061900036,709.6242054275069,377.5221655026116,1045.393805053133,816.823491544251,894.0233685638972,969.9287941510943,411.4129252021873,308.607113919921,745.5167139802571
